INSERT INTO LEITURAS_ASSUNTO (ID, DESCRICAO) VALUES (1,'Atualidades');
INSERT INTO LEITURAS_ASSUNTO (ID, DESCRICAO) VALUES (2,'Direito');
INSERT INTO LEITURAS_ASSUNTO (ID, DESCRICAO) VALUES (3,'Constituição Brasileira');
INSERT INTO LEITURAS_ASSUNTO (ID, DESCRICAO) VALUES (4,'Geografia');

INSERT INTO LEITURAS_IDIOMA (ID, NOME) VALUES (1,'Português');
INSERT INTO LEITURAS_IDIOMA (ID, NOME) VALUES (2,'Inglês');

INSERT INTO LEITURAS_LEITOR (ID, IDADE, NOME, SEXO) VALUES (1, 11, 'Nome 01', 'Masculino');
INSERT INTO LEITURAS_LEITOR (ID, IDADE, NOME, SEXO) VALUES (2, 22, 'Nome 02', 'Masculino');
INSERT INTO LEITURAS_LEITOR (ID, IDADE, NOME, SEXO) VALUES (3, 33, 'Nome 03', 'Feminino');
INSERT INTO LEITURAS_LEITOR (ID, IDADE, NOME, SEXO) VALUES (4, 44, 'Nome 04', 'Feminino');

INSERT INTO LEITURAS_LEDOR (ID, IDADE, NOME, SEXO) VALUES (1, 11, 'Nome 05', 'Masculino');
INSERT INTO LEITURAS_LEDOR (ID, IDADE, NOME, SEXO) VALUES (2, 22, 'Nome 06', 'Masculino');
INSERT INTO LEITURAS_LEDOR (ID, IDADE, NOME, SEXO) VALUES (3, 33, 'Nome 07', 'Feminino');
INSERT INTO LEITURAS_LEDOR (ID, IDADE, NOME, SEXO) VALUES (4, 44, 'Nome 08', 'Feminino');

INSERT INTO LEITURAS_TEMPO (ID, ANO, DATA, MES) VALUES (1,1988,'1988-12-01',12);
INSERT INTO LEITURAS_TEMPO (ID, ANO, DATA, MES) VALUES (2,1989,'1989-11-01',11);
INSERT INTO LEITURAS_TEMPO (ID, ANO, DATA, MES) VALUES (3,1990,'1990-10-01',10);
INSERT INTO LEITURAS_TEMPO (ID, ANO, DATA, MES) VALUES (4,1991,'1991-09-01',09);

INSERT INTO LEITURAS (ID, ID_ASSUNTO, ID_IDIOMA, ID_LEDOR, ID_LEITOR, ID_TEMPO) VALUES (1,1,1,1,1,1);
INSERT INTO LEITURAS (ID, ID_ASSUNTO, ID_IDIOMA, ID_LEDOR, ID_LEITOR, ID_TEMPO) VALUES (2,2,2,2,2,2);
INSERT INTO LEITURAS (ID, ID_ASSUNTO, ID_IDIOMA, ID_LEDOR, ID_LEITOR, ID_TEMPO) VALUES (3,3,1,3,3,3);
INSERT INTO LEITURAS (ID, ID_ASSUNTO, ID_IDIOMA, ID_LEDOR, ID_LEITOR, ID_TEMPO) VALUES (4,4,2,4,4,4);

INSERT INTO LEITURAS (ID, ID_ASSUNTO, ID_IDIOMA, ID_LEDOR, ID_LEITOR, ID_TEMPO) VALUES (5,3,1,4,4,4);
INSERT INTO LEITURAS (ID, ID_ASSUNTO, ID_IDIOMA, ID_LEDOR, ID_LEITOR, ID_TEMPO) VALUES (6,3,1,4,4,4);
INSERT INTO LEITURAS (ID, ID_ASSUNTO, ID_IDIOMA, ID_LEDOR, ID_LEITOR, ID_TEMPO) VALUES (7,3,1,2,2,1);
INSERT INTO LEITURAS (ID, ID_ASSUNTO, ID_IDIOMA, ID_LEDOR, ID_LEITOR, ID_TEMPO) VALUES (8,4,1,1,3,4);